time,counterparty_survival,counterparty_cumulative_pd,self_survival,self_cumulative_pd
1,0.991701292638876,0.008298707361124036,0.9933555062550344,0.006644493744965563
3,0.9656054162575665,0.03439458374243354,0.9720642913612205,0.027935708638779477
5,0.9277434863285529,0.07225651367144714,0.9401962333082041,0.05980376669179588
