target_quantile,peak_empirical_pfe,peak_evt_pfe,evt_minus_empirical
99.5%,239159.52562181902,241445.97386067885,2286.4482388598262
99.9%,252244.87907967862,257267.0714712806,5022.192391601973
